tier,name,practice,title,linkedin_url,independent_fia_evidence,multistate_virtual_evidence,acquisition_spend_evidence,notes
A,Belinda Royer,Royer Financial Services,"Owner / Principal, Independent Annuity Broker",https://www.linkedin.com/in/belindaroyer,independent broker specializing exclusively in FIAs and income annuities,"licensed in 25 states, East Coast + CA clients",unknown - qualify,20+ yrs; fiduciary mindset messaging
A,Reeves Vaughn,Annuity Gal,Independent Annuity Broker,https://www.linkedin.com/in/annuitygal,"independent broker, 30+ carriers, FIA focus",unknown - qualify,"personal brand 'Annuity Gal', content-led","since 2023, newer practice"
A,James Garner,independent practice,"Retirement Income Advisor, FIA & Hybrid LTC",https://www.linkedin.com/in/james-garner,"FIA + hybrid LTC, $350M+ placed",operating in all 50 states,targets pre-retirees and digital nomads 55-75 online,former mortgage exec
A,Tod Long,The Income Standard / Long Financial Services,Founder,https://www.linkedin.com/in/todlong,"FIA/FA, guaranteed income floors, licensed insurance agency",licensed in 30+ states,"podcast, radio shows, lead nurture automation, built own platform",23 yrs; heavy AI/automation angle for personalization
A,Tim Wood,Safe Money Retirement,"Founder / President, CFF, RICP",https://www.linkedin.com/in/mysafemoneyretirement,"100% independent, safe money / lifetime income",unknown - qualify,"radio and podcast host, bestselling author",strong hook: radio + book
A,Ben Kunes,Safe Money Retirement Group,"President, CFF",https://www.linkedin.com/in/ben-kunes-a8921145,independent safe money / annuity practice,unknown - qualify (St. Louis MO),weekly radio show on KMOX 1120 St. Louis,hook: radio show
A,Ken Nuss,AnnuityAdvantage,Founder / CEO,https://www.linkedin.com/in/kennuss,fixed / indexed / immediate annuities exclusively since 1999,"licensed in all 50 states + DC, online",online lead-gen site annuityadvantage.com,large online annuity shop; may be too big
A,Trevor DeShaw,Annuity Brothers Corporation,Founder / CEO,https://www.linkedin.com/in/trevordeshaw,"FIA / MYGA / SPIA, independent carrier comparisons",unknown - qualify,content/DM-led acquisition,IUL background
A,Flynt Gaines,Gains Financial,"Founder / Retirement Income Planner, CPA",https://www.linkedin.com/in/flynt-gaines-cpa,"FIA + IUL, founder-led",Texas focus,"LinkedIn content, free consultations",CPA angle
A,Kenneth Reeves,Apex Financial Group,Founder / CEO,https://www.linkedin.com/in/kenreeves,independent retirement practice,unknown - qualify,Retirement Max Radio + Retirement Max Workshops (seminars),hook: radio + workshops
A,Jason Caudill,My Annuity Store,Founder,https://www.linkedin.com/in/jasoncaudillannuity,"online annuity store, independent",online/nationwide,lead-gen website,annuity marketplace model
A,Dave Stanley,independent practice,"Financial Advisor, Host of Safe Money Radio",https://www.linkedin.com/in/dave-stanley-3a9704a3,safe money / annuity advisor,Michigan (WOOD 1300 Grand Rapids),weekly radio show Safe Money Radio,hook: radio
A,Eric Hutter,independent practice,Business Owner / Retirement Planning Specialist,https://www.linkedin.com/in/eric-hutter-056854163,"owner, retirement planning specialist",unknown - qualify,host of Safe Money & Income Radio,hook: radio
A,James R. Herbst,independent practice,"Income Planning Specialist, Safe Money Radio Host",https://www.linkedin.com/in/james-r-herbst-78b90218,income planning / safe money,unknown - qualify,"Safe Money Radio host, agent mentor",hook: radio + mentors agents
A,Arianna Lavallee,independent practice,"Retirement Specialist, Safe Money Radio host",https://www.linkedin.com/in/arianna-lavallee-88a590130,safe money retirement specialist,unknown - qualify (106.1 WTKK market),Safe Money Radio Program host,hook: radio
B,Julian P. Heggie III,Heggie Financial,"Founder, Annuity Educator, RICP",https://www.linkedin.com/in/julianheggie,"independent community-focused practice, annuities + lifetime income",Raleigh NC,free retirement clarity call funnel,ex New York Life
B,Kim Saunders,Retirement Ready with Kim Saunders,"Founder, Retirement Income Specialist",https://www.linkedin.com/in/kim-saunders-8039791774sc,"independent retirement income practice, fixed / FIA",South Carolina,YouTube channel,LPL affiliation in history
B,Greg Platt,independent practice,Safe-Money Specialist,https://www.linkedin.com/in/gregoryplatt,"guaranteed lifetime income, principal protection",unknown - qualify,unknown - qualify,
B,Amanda Barrientez,Retirement Income School,"Founder, RICP",https://www.linkedin.com/in/retirementincomeschool,annuities + whole life for lifetime income,unknown - qualify,education brand / school content,"PhD, IBC practitioner"
B,Bob Kelly,Safe Money and Income Solutions / Robert P. Kelly Financial,"President, independent agent",https://www.linkedin.com/in/bob-kelly,independent agent since 1999,"Florida, expanded",unknown - qualify,
B,Steve Lucks,The Center for Retirement Planning,"Retirement Planner, Host of The Safe Money Retirement Show",https://www.linkedin.com/in/stevelucks,safe money retirement planning,unknown - qualify,radio show host,hook: radio
B,Tari Watkins,Money Cents Financial Group,Managing Principal,https://www.linkedin.com/in/tariwatkins,"independent, federal retirement consultant",San Diego (KGB 760AM),former Safe Money Radio host,San Diego local
C,Cheryl Evans,independent agency,"Founder & General Agent, ChFC CLU",https://www.linkedin.com/in/cherylevans1,retirement income planning + asset-based LTC,unknown - qualify,unknown - qualify,; live: OneAmerica general agency (captive)
B,John Romanucci,independent practice,Retirement Income Advisor,https://www.linkedin.com/in/john-romanucci-4a0425105,"indexed annuities, IULs, income planning, 25+ yrs",unknown - qualify,unknown - qualify,
B,Nelson Toriano,independent practice,Retirement Income Coach,https://www.linkedin.com/in/nelsonetoriano,guaranteed monthly income for life without market losses,unknown - qualify,content-led,verify practice on profile
B,Javier Ortiz,independent practice,"Independent Advisor, IUL / Annuities / ACA",https://www.linkedin.com/in/javierortizatx,"independent advisor, annuities + IUL",Austin TX,unknown - qualify,
B,Jeff McLeod,independent practice,"Annuity Agent, LUTC",https://www.linkedin.com/in/fixedindexannuity,"annuity agent for retirees, FIA vanity URL",unknown - qualify,unknown - qualify,
C,Larry Spoth,Retirement Protection Solutions,Retirement Income Planner / speaker,https://www.linkedin.com/in/larry-spoth-a304a55,income planning,unknown - qualify,speaker at national agency events,verify independence
C,Claudia Silva,independent practice,Retirement Income & Safe Money Specialist,https://www.linkedin.com/in/claudia-silva-571bb949,IRA/401k rollover + annuity planning,unknown - qualify,unknown - qualify,
C,Charles Shattuck,independent practice,Retirement Income Specialist,https://www.linkedin.com/in/charles-shattuck-a5452815,retirement income planning,unknown - qualify,unknown - qualify,
C,John Bajerski,independent agency,"Independent Agent, LTC and FIA",https://www.linkedin.com/in/john-bajerski-5a8a8277,independent FIA + LTC agent,IL and WI,works via CPAs and advisors,smaller practice
industry,Dominic Cursio,Legacy Marketing Group,Chief Marketing Officer,https://www.linkedin.com/in/dominic-cursio-64786513,IMO / annuity product development,n/a,n/a,former NAFA board chair; feedback angle
industry,Curtis Hawks,IAMS Inc,CMO / EVP,https://www.linkedin.com/in/curtis-hawks-financial-advisor-opportunities-49432b21,IMO serving fixed annuity agents,n/a,n/a,feedback angle: what lead vendors get wrong
industry,David Salko,ANNUCO,CMO,https://www.linkedin.com/in/david-salko-79563b25,annuity distribution marketing,n/a,n/a,feedback angle
industry,Andrew Punzak,Alpha Solutions Management,Sr. VP Sales & Marketing,https://www.linkedin.com/in/andrewpunzak,large annuity/life IMO,n/a,n/a,feedback angle
industry,Jessica King,FMO,"Strategic Relationship Manager, Life & Annuity",https://www.linkedin.com/in/jessica-king-24022276,FMO advisor ally,n/a,n/a,feedback angle
industry,Tamiko Toland,industry thought leader,Retirement income / annuity thought leader,https://www.linkedin.com/in/tamiko-toland,annuity industry analyst/strategist,n/a,n/a,feedback angle; high profile
C,Chris Stroh,Everlight Planning,Founder,https://www.linkedin.com/in/chris-stroh-875280354,independent licensed insurance agency specializing in FIAs and retirement income,"based in Michigan, serving clients nationwide, local and virtual appointments",unknown - qualify,"no-cost retirement reviews; newer practice; live headline: works at Generations insurance, GM background"
A,Brandon Clarke,Triad Retire,"Owner / Agency Owner, Lifetime Guaranteed Income Planner",https://www.linkedin.com/in/brandon-lclarke,"agency owner, 645 clients, $10M+ in annuity contracts, safe money certified",serves business owners and pre-retirees nationwide,"built marketing and lead-generation architectures, JV partnerships",6 yrs multi six-figure producer; trains agents
B,Bryan Milder,Safe Money Retirement Solutions,President and CEO,https://www.linkedin.com/in/bryan-milder-6a2a787b,"annuity specialist, owns Safe Money Retirement Solutions (Novi MI) since 2016",unknown - qualify,unknown - qualify,hook: safe money
B,Marty Nevel,CES Financial / Consumer Estate Services,President,https://www.linkedin.com/in/marty-nevel-b322b435,"president of own firm, income plans and asset protection",unknown - qualify,hosts Safe Money Radio show,hook: radio
C,Bill Rookstool,independent practice,"Safe Money Advocate, Host of Safe Money Radio",https://www.linkedin.com/in/bill-rookstool-9bb52143,"safe money advocate focused on retirees, lifetime income",nationwide presenter of safe money concepts,hosts Safe Money Radio,"verify practice name on profile; live headline: Medicare Supplement Sales, President The Providential Group"
B,Kregg Walisiak,True Retirement Income LLC,Owner,https://www.linkedin.com/in/incomedr,owner of True Retirement Income LLC (Plainfield IL) since 2021; senior annuity specialist background,unknown - qualify,unknown - qualify,ex Advisors Ignite annuity specialist
B,Glenn LaBar,Protection Plus Insurance,Founder and Managing Principal,https://www.linkedin.com/in/glenn-labar-ba2115349,"founder, personal pensions and guaranteed lifetime income via rollovers",unknown - qualify,unknown - qualify,20+ yrs
B,Andrew Maisch,Maisch Financial Group,"Owner, Independent Agent/Broker, Retirement Income Specialist",https://www.linkedin.com/in/andrew-maisch,independent agent/broker and owner; pension-like income focus,unknown - qualify,"media features NBC/ABC/CBS/FOX affiliates, author",hook: author and media
B,Derrick Loflin,Loflin Wealth LLC,Retirement Income Maximizer,https://www.linkedin.com/in/retiremax,retirement income and risk reduction for small business owners; Simple Retirement Stabilizer Method,gulf coast clients,unknown - qualify,verify practice and independence on profile
B,James Shaw,Kuorum Partners Wealth,Retirement Income Specialist,https://www.linkedin.com/in/shaw-js3,FIA guaranteed lifetime income strategies,"one-on-one video consultations, ops and case-processing team",unknown - qualify,not principal; verify
B,Muhammad Salahuddin,Rooftop Financial Solutions,Independent Financial Services Professional,https://www.linkedin.com/in/rooftopfinancial,"independent since 1994, FIA and 401k/IRA transfers to FIAs; DFW",unknown - qualify,unknown - qualify,30+ yrs
B,Steve Irwin,Foresight Investment Advisors,Founder and Managing Member,https://www.linkedin.com/in/steve-irwin-0b782446,founder; formerly founded Irwin Financial Group FIA wholesaler (sold 2010); serves retirees in Arkansas,unknown - qualify,unknown - qualify,29 yrs; trained hundreds of agents
B,Josh Cumrine,Retirement Planning Center of the Rockies LLC,"Co-Founder, RICP",https://www.linkedin.com/in/joshuacumrine,"co-founder of own retirement income planning firm, Loveland CO",unknown - qualify,unknown - qualify,verify FIA focus
B,Patrick McNally,Retirement Lifestyles Advisors,"Financial Advisor, Podcast and Radio Host, Author",https://www.linkedin.com/in/theretirementincomeadvisor,retirement income advisor branded practice; paycheck replacement focus,unknown - qualify,"podcast, radio, author",verify annuity/FIA use; niche: Dignity Health and Sierra Pacific employees
C,Gary Watkins,Watkins Retirement and Insurance Services,Owner,https://www.linkedin.com/in/gary-watkins-1889771a,"owner; guaranteed lifetime income via annuities for seniors, Long Beach CA",unknown - qualify,unknown - qualify,senior market
C,Randy Miller,Miller Insurance & Financial Services,Owner,https://www.linkedin.com/in/randy-miller-a5a28437,owner; guaranteed lifetime income via annuities and life insurance,unknown - qualify,unknown - qualify,
C,Les Bryant,Bryant Retirement Solutions,Retirement Income Specialist,https://www.linkedin.com/in/les-bryant-9a326531,"protected growth via annuities, lifetime income; also Safe Harbor Life and Annuity",unknown - qualify,unknown - qualify,verify independence
C,Penny Olsen,self-employed,"Financial Advisor, FIA and LTC",https://www.linkedin.com/in/penny-olsen-585922229,"self-employed advisor licensed in FIAs, CA resident producer",unknown - qualify,unknown - qualify,35 yrs industry; smaller practice
C,Arthur Harris,IE Group,CEO,https://www.linkedin.com/in/iegroup1,relationships with 50+ insurers; MYGA and FIA specialties,unknown - qualify,unknown - qualify,40 yrs; mixed real estate business
C,Emile (Trey) Babin,Babin & Associates Financial Advisors,"Managing Member, CFP",https://www.linkedin.com/in/trey-babin,"fiduciary CFP, predictable income streams focus",unknown - qualify,unknown - qualify,verify annuity use
industry,Tracy Lownsberry,Annuity Giants Academy / Up North Retirement,Founder and Trainer,https://www.linkedin.com/in/tracy-lownsberry,annuity training platform and software for agents; also owns Up North Retirement,unknown - qualify,unknown - qualify,coach; feedback angle
industry,Curtis Cloke,Thrive Income Distribution System,"Founder, Speaker, RICP",https://www.linkedin.com/in/curtis-v-cloke-lutcf-cltc-ricp-44596413,"retirement income flooring pioneer, educates advisors",unknown - qualify,unknown - qualify,coach; feedback angle; high profile
industry,David J. Scranton,Sound Income Group / Advisors' Academy,Founder,https://www.linkedin.com/in/davidscrantonofficial,founder of Advisors' Academy and The Retirement Income Store; national TV host,unknown - qualify,unknown - qualify,feedback angle; very high profile
industry,Christopher Conroy,independent marketing organization,"Partner, Insurance Sales Executive",https://www.linkedin.com/in/christopher-conroy-jdmba,partner of national IMO with $1B+ annuity sales,unknown - qualify,unknown - qualify,feedback angle: what lead vendors get wrong
industry,Neal Lapierre,The Life and Annuity Shop,President,https://www.linkedin.com/in/neal-lapierre-b409b32a,"fixed annuity wholesaler to agents since 1998, Clearwater FL",unknown - qualify,unknown - qualify,feedback angle
industry,Steve Poppe,Poppe Financial Group,"Owner, CLU",https://www.linkedin.com/in/stevenpoppe,"insurance brokerage agency serving hundreds of advisors, Scottsdale AZ",unknown - qualify,unknown - qualify,feedback angle
industry,Todd Davis,Partners Advantage Insurance Services,Certified Annuity Specialist,https://www.linkedin.com/in/todddaviscas,wholesale annuity case design for retail advisors,unknown - qualify,unknown - qualify,feedback angle
industry,Bryan Milder (M&O),M&O Marketing,National Sales Director / Annuity Marketer,https://www.linkedin.com/in/bryan-milder-a7946145,"IMO annuity marketer, 50+ carriers, trains independent agents",unknown - qualify,unknown - qualify,different person from Bryan Milder of Safe Money Retirement Solutions; feedback angle
A,Stephen Jeung,Jeung Agency,Founder & CEO,https://www.linkedin.com/in/stephen-jeung-2017a623,"independent agency; FIA/IUL; 70+ carriers; ex-Merrill","licensed in all 50 states","LinkedIn ads/posts; 5-star Google; enrollment-bonus messaging","Los Angeles; founded 2011"
A,Michael Cooley,ThreeTrees Retirement Partners,Founding Partner & Lead Advisor,https://www.linkedin.com/in/mjc-musicista-finanziario,"independent retirement income practice; FIA laddering","unknown - qualify","unknown - qualify","Ann Arbor MI; ChFC RICP; $1M-3M clients"
B,Adam Hyers,Hyers and Associates Inc,Owner,https://www.linkedin.com/in/insurance2quotes,"independent annuity & insurance broker since 2002; multi-carrier","serves clients across the country","online quote site (insurance2quotes)","also Medicare/LTC; licensed since 1997"
B,Edwin Mays,MaysGroup LLC,President,https://www.linkedin.com/in/edwinmays,"insurance-based firm; guaranteed lifetime income focus","unknown - qualify","unknown - qualify","CRPC; verify FIA use and location"
B,Rudy Hernandez,F.C. Financial,Owner,https://www.linkedin.com/in/rudy-hernandez-6035a97,"owner; indexed annuities per client testimonials","unknown - qualify","radio host Safe Money-Retirement Radio Show 630 AM KSLR","San Antonio TX market"
B,Angie Samuels,Scottsdale Wealth Services,President/Founder,https://www.linkedin.com/in/as7777,"founder; Safe Money Plan; guaranteed lifetime income","unknown - qualify","radio host","verify FIA focus and location"
B,Randy Hammon,The Safe Money System,Founder & Author,https://www.linkedin.com/in/randy-hammon-b98bb732,"38 yrs; annuities/life; safe money system","unknown - qualify","author; online course; video series","former pro baseball player; verify location"
B,Shelly Logan,Safe Retirement Solutions LLC,CEO/Founder,https://www.linkedin.com/in/shelly-logan-057837112,"founder; safe money retirement strategist","unknown - qualify","unknown - qualify","Columbiana OH area; verify FIA focus"
B,Jon Brinson,Longleaf Retirement Advisors,Owner,https://www.linkedin.com/in/jon-brinson,"owner; licensed retirement income planner","unknown - qualify","unknown - qualify","verify annuity/FIA use and location"
B,Amanda Morrison,Streamline Insurance Solutions,Founder,https://www.linkedin.com/in/amanda-morrison-96a1a830,"founder; retirement & income planning; 15+ yrs licensed","unknown - qualify","unknown - qualify","verify FIA use and location"
B,Jon Hammel,Hammel & Company Advisory Group,Owner and Founder,https://www.linkedin.com/in/jon-hammel-433129267,"owner since 1993; retirement/income planning products","travels statewide Wisconsin","unknown - qualify","Wisconsin"
B,John Ripley,SmarterRetirementSolutions,Founder,https://www.linkedin.com/in/johnripley,"safe retirement income solutions","unknown - qualify","unknown - qualify","CFF CLTC; verify FIA use and US location"
B,Scott McRae,McRae Agency Inc,Retirement Income Specialist,https://www.linkedin.com/in/scott-mcrae-1110775,"guaranteed income contracts; retirement income specialist","unknown - qualify","unknown - qualify","verify independence and location"
C,Belle Flores-Villanueva,Ecospan Insurance Services Inc,Founder & President,https://www.linkedin.com/in/belle-flores-villanueva-21296382,"independent agency since 1993; life/retirement/annuities","unknown - qualify","unknown - qualify","Glendale CA; life-heavy; MDRT"
C,Hans Kristian Goldstein,independent practice,Founder,https://www.linkedin.com/in/hans-goldstein,"guaranteed lifetime pension via carriers; SS coordination","unknown - qualify","unknown - qualify","verify FIA use and location"
C,Shonda Prescott,independent practice,CPA and licensed annuity professional,https://www.linkedin.com/in/shondaprescott,"licensed annuity professional; distribution planning","unknown - qualify","unknown - qualify","verify practice and location"
C,Clint Tittsworth,TNT Insurance Agency LLC,Agency Owner / Independent Insurance Broker,https://www.linkedin.com/in/clinttittsworthcmip,"independent broker; fixed/fixed-indexed annuities","licensed in multiple states","unknown - qualify","Medicare-heavy; Florida"
C,Kenny Castillo,Retirementor LLC,Business Owner & Licensed Insurance Professional,https://www.linkedin.com/in/kennycastillo,"own business since 2018; FIA/life/LTC","licensed in multiple states","cold calling/networking","Greencastle PA; smaller practice"
C,David Goldenzweig,Term Insurance Brokers,Co-Owner & Independent Insurance Broker,https://www.linkedin.com/in/davidgoldenzweig,"independent brokerage; fixed & indexed annuities listed; 40+ carriers","licensed in 35+ states","web lead sites (terminsurancebrokers.com)","Las Vegas NV; LTC/DI-heavy"
C,Trent Lessar,Evolve Legacy Group,Founder & Licensed Insurance Advisor,https://www.linkedin.com/in/trent-lessar-517814185,"life insurance & annuities","unknown - qualify","unknown - qualify","life-heavy; verify FIA use"
C,Glenda Warren,The Legacy Group (Wealth Companions),Founder,https://www.linkedin.com/in/glendadwarren,"IUL & FIA strategist; agency owner","recruiting agents nationwide","unknown - qualify","IUL-heavy; recruiting angle"
C,Troy A. Hatcher,Ohio Agency,Licensed Insurance Broker,https://www.linkedin.com/in/troy-a-hatcher-b324171b,"independent broker; annuities","serving 20 states","unknown - qualify","Medicare/final expense-heavy"
industry,Karen Essary,Ideal Producers Group,CEO & President,https://www.linkedin.com/in/kessary,"independent IMO","","","Overland Park KS; NAFA advocate; feedback angle"
industry,Stephani Lucas,The Annuity Consultants,Founder & CEO,https://www.linkedin.com/in/stephanilucas,"boutique annuity FMO since 2010; 35+ carriers","","","Austin TX; feedback angle"
industry,Kim Adams-Moore,Adams-Moore LLC,President,https://www.linkedin.com/in/kim-adams-moore-4646aa15,"national IMO / general agency; annuity consultants","","","feedback angle"
industry,Mark J Jacobberger,Producers Financial Network,Founder (BGA/IMO),https://www.linkedin.com/in/mark-j-jacobberger-lutcf-lacp-973819b,"BGA/IMO 22 yrs; life/annuity/LTC","","","Colorado; feedback angle"
industry,Jeff Affronti,fixed annuity wholesaler,Fixed annuity distribution,https://www.linkedin.com/in/jeff-affronti-a1551834,"helps agents offer traditional fixed annuities","","","feedback angle"
industry,Mike Morrone,annuity industry,Annuity product & distribution leader,https://www.linkedin.com/in/mikemorrone,"25 yrs annuity business; product/distribution","","","feedback angle; verify current role"
A,Nicole Connors,Connors Wealth Services,Founder & Retirement Specialist,https://www.linkedin.com/in/nicole-connors,founder; FIA; Roth conversion; IMO distribution background,unknown - qualify,unknown - qualify,verify location; industry+advisor hybrid
B,Adam Reynolds,SRSIG,Founder & Retirement Income Strategist,https://www.linkedin.com/in/adam-reynolds-82789023,founder; FIA; guaranteed lifetime income,unknown - qualify,educational retirement workshops; speaker,Medicare-mixed; verify location
B,Robert Wiener,Wiener Financial Consulting,Independent Broker,https://www.linkedin.com/in/robert-wiener-b2092513,independent broker since 1990; lifetime income,licensed in 25 states,unknown - qualify,LTC/life mixed
B,Mark Goldstein,Safe Money Alliance,President,https://www.linkedin.com/in/mark-goldstein-cfp-871a5622,president; safe money strategies; CFP,unknown - qualify,unknown - qualify,verify FIA use and location
B,Carmen Hornberger,Benefits To Go LLC,CEO & Retirement Income Strategist,https://www.linkedin.com/in/carmen-hornberger-13173b68,CEO; retirement income strategist; founded 2015,unknown - qualify,unknown - qualify,Brentwood MO
B,Gilbert L. Peacock,Freedom Financial Advantage (FFA / CallFFA.net),Owner / FIA & Life Broker,https://www.linkedin.com/in/gilbert-l-peacock-78310918,owner; fixed index annuity & life broker; safe money,unknown - qualify,website CallFFA.net,704 area code NC
B,Grant Spencer,American Pension and Retirement Services,Retirement Planner,https://www.linkedin.com/in/gspencer-retirement,no-market-loss growth strategies; left retail after 2008,unknown - qualify,unknown - qualify,verify practice and location
C,Rina Discepolo,TIAA (captive),Financial Consultant,https://www.linkedin.com/in/rinadiscepolo,preservation strategies; income for life; no market volatility,unknown - qualify,unknown - qualify,verify practice and location
B,Tom Murphy,American Pension and Retirement Services,Owner,https://www.linkedin.com/in/tom-murphy-21400745,retirement income & 403(b) annuity education; tax-free strategies,serving clients in all 50 states,unknown - qualify,verify FIA use
B,Glenn V. Castillo,Income for Life & Safe Wealth Planning (Castillo Financial Group),Managing Partner & Founder,https://www.linkedin.com/in/glenncastillo,independent firm; income for life; safe wealth,unknown - qualify,unknown - qualify,Lyndhurst NJ; also Experior exec director
B,Stephanie Hohenshell,Hohenshell Financial,Founder & Owner,https://www.linkedin.com/in/hohenshell,founder; RICP; retirement planning,unknown - qualify,unknown - qualify,Southwest Missouri; verify annuity use
C,Curt Klose,independent practice,Independent Agent,https://www.linkedin.com/in/curtklose,independent agent; life/FIA/DI,unknown - qualify,unknown - qualify,life-heavy; verify location
C,Bud Gray,Summit Advisory Group,Personal Risk Manager & Retirement Income Strategist,https://www.linkedin.com/in/bud-gray-172ab749,retirement income strategist,unknown - qualify,unknown - qualify,verify independence and location
C,Liz C.,LCI LLC (ex TB Financial Group),Owner,https://www.linkedin.com/in/tbfinancialgroup,safe retirement strategies; former founder TB Financial,unknown - qualify,unknown - qualify,verify current activity
C,Mark Brown,Mark Brown Insurance Agency LLC,President/Owner,https://www.linkedin.com/in/mark-brown-7776253b,owner since 2001; annuities among many lines,unknown - qualify,unknown - qualify,Zebulon NC; Medicare/final expense mixed
industry,Heather Hutchinson,The Annuity Source Inc,Chief Marketing Officer,https://www.linkedin.com/in/heather-hutchinson-b08a4b53,annuity FMO CMO,,,feedback angle
industry,Mike Ford,PFG Marketing Group,Principal,https://www.linkedin.com/in/mikefordpfg,national IMO since 1995; FIA/IUL,,,feedback angle
industry,Greg Napolitano,Independent Financial Solutions Inc,President / General Agent,https://www.linkedin.com/in/greg-napolitano-almi-14a95ab8,general agency serving independent agents,,,feedback angle
industry,Robert J. Burskey,independent marketing organization,Founder (IMO),https://www.linkedin.com/in/robert-j-burskey-724ab040,built one of largest IMOs; $1B+ annuity/life,,,feedback angle; verify current role
industry,Lee Trawick,Trawick Financial Services Inc,Owner (IMO/BGA),https://www.linkedin.com/in/lee-trawick-a41a1a76,life & annuity IMO/BGA,,,feedback angle
industry,Bryce Biklen,Sammons Independent Annuity Group,President,https://www.linkedin.com/in/brycebiklen,carrier distribution leader; FIA,,,carrier side; feedback angle; high profile
industry,Denny Southern,AmeriLife,President of Annuities & Retirement Planning,https://www.linkedin.com/in/denny-southern,leads AmeriLife annuity strategy across IMOs,,,feedback angle; high profile
B,Bill Hernandez,Unique Wealth Solutions Ltd,Sr Consultant & Owner,https://www.linkedin.com/in/bill-hernandez-50881216,"owner; FIA; IUL; premium financed life; 50 yrs in insurance","unknown - qualify","unknown - qualify","verify location"
B,Steve King,King Financial,Founder & Owner,https://www.linkedin.com/in/steve-king-b37520bb,"founder; retirement income planning specialist; annuities; 401k rollovers","unknown - qualify","unknown - qualify","verify FIA use and location"
B,Max Verkuilen,Independent Retirement Group,President,https://www.linkedin.com/in/max-verkuilen-19469646,"president independent firm; retirement income planning","unknown - qualify","unknown - qualify","verify annuity use and location"
C,Bill Sherman,Life Savings Financial,Managing Partner,https://www.linkedin.com/in/bill-sherman-3ba43828,"managing partner; retirement education; safe money","unknown - qualify","unknown - qualify","Fernley NV; verify FIA use"
B,Brad Fiene,independent brokerage,Insurance Broker (40+ yrs),https://www.linkedin.com/in/bradfiene,"independent broker; FIA; LTC; estate planning","unknown - qualify","unknown - qualify","life-heavy; verify location"
C,Rob Ellis,none (left industry),Home Services Sales,https://www.linkedin.com/in/rob-ellis-miami-florida,"fixed & indexed annuities; IRA/401k rollovers; principal protection","unknown - qualify","ads management / lead-gen skills listed","Miami FL; verify practice name"
C,Brian P. Messier,Messier Financial (Osaic FA),Retirement Income Planner,https://www.linkedin.com/in/brian-p-messier-clu-chfc-02a29032,"retirement income planner since 1988; CLU ChFC","unknown - qualify","unknown - qualify","Houston TX; Osaic BD affiliated; verify FIA use"
B,Ken Sweitzer,Sweitzer Income Planning LLC & Sweitzer Insurance LLC,Owner & Income Planner,https://www.linkedin.com/in/ken-sweitzer-932237a,"owner; income planning; insurance agency","unknown - qualify","unknown - qualify","verify FIA use and location"
A,Terry Fox,Safe Money Management LLC,President & Founder,https://www.linkedin.com/in/terry-fox-702b0955,"founder since 2011; safe money; retirement strategist","unknown - qualify","unknown - qualify","Atlanta GA"
A,David Sargent,PA Secure Retirement Solutions LLC / FL Secure Retirement Solutions,Managing Partner,https://www.linkedin.com/in/david-sargent-53b267127,"managing partner; secure retirement solutions","offices in Doylestown PA and Sarasota FL (multi-state)","unknown - qualify","verify FIA use"
B,Stuart Turck,Fidelis Legacy Wealth,Retirement Income Strategist,https://www.linkedin.com/in/stuart-turck-b2a497388,"FIA; life; never run out of money positioning","unknown - qualify","unknown - qualify","new profile (388 suffix); verify practice and location"
B,Terri Canterbury,Kingwood Investment Group LLC,Retirement Income Strategist / IAR,https://www.linkedin.com/in/terricanterbury,"market and non-market solutions; lifetime income; CRPC AIF","unknown - qualify","unknown - qualify","Kingwood TX; RIA hybrid; verify FIA use"
B,James Moran,Global Financial Trust LLC,Retirement Income Strategist & Asset Protection Specialist,https://www.linkedin.com/in/james-moran-%f0%9f%91%89retirement-income-strategist-asset-protection-specialist-51363ab5,"Retirement Income Master Strategy; asset protection","unknown - qualify","unknown - qualify","verify practice and location; emoji URL"
A,Bobby M. Collins,Collins & Cate (Bobby M. Collins Annuity Education),Founder,https://www.linkedin.com/in/bobby-m-collins,"annuity education company; 30 yrs; retirees income and tax","unknown - qualify","annuity education brand; DFW seminars implied","Dallas/Fort Worth TX"
industry,Ryan Cicchelli,The Annuity Expert,Founder,https://www.linkedin.com/in/ryan-cicchelli,"trains annuity agents; virtual training programs; 17 yrs","","","coach; feedback angle"
industry,John Olsen,Olsen Annuity Education,President,https://www.linkedin.com/in/john-olsen-clu-chfc-aep-ba551217,"author of six annuity books; 47 yrs; educator","","","educator; feedback angle; St Louis"
industry,Eric Green,carrier/IMO wholesaling,Regional Annuity Wholesaler (IN/MI),https://www.linkedin.com/in/ericgreen2,"annuity wholesaler covering Indiana and Michigan","","","wholesaler; feedback angle"
industry,Brian Bushlach,independent marketing consultant,Marketing / Lead Generation (insurance & wealth),https://www.linkedin.com/in/brian-bushlach-37ba7a16,"30+ yrs DTC and B2B lead gen for insurance and wealth","","","acquisition-spend adjacent; feedback angle"
industry,James Spoonts,annuity wholesale,Annuity Strategy Developer / Wholesale Specialist,https://www.linkedin.com/in/james-spoonts-7604619b,"assists independent agents nationwide; wholesale annuity","","","Dallas TX; feedback angle"
industry,David Rauch,Annexus Group,President GC,https://www.linkedin.com/in/david-rauch-7499a053,"Annexus FIA product design and distribution","","","high profile; feedback angle"
A,Rick Hahn,SAFE Harbor Financial,President; Host of SAFE Money Radio,https://www.linkedin.com/in/rick-hahn-7ba64547,CRFA; SAFE money strategies 20+ yrs,unknown - qualify,hosts SAFE Money Radio,Sparta TN
A,Guy Ebinger,The Gray Fox and the Boomer,Co-founder / Financial Advisor,https://www.linkedin.com/in/guy-ebinger-78994525,independent agents; fixed and fixed-indexed annuities since 1994,unknown - qualify,unknown - qualify,Independence OH
A,Parker Faulkner,Parker Faulkner Advisors,President / Founder,https://www.linkedin.com/in/parker-faulkner-30426817,founder since 2007; American Equity carrier listed,unknown - qualify,unknown - qualify,Memphis TN
A,Sam McCahon,Goldtree Financial Group,Managing Partner,https://www.linkedin.com/in/sam-mccahon,IUL and fixed index annuities focus,national firm,unknown - qualify,Springfield-Branson MO
A,Chad C Owen,Eagle Shadow Life & Annuity / Retirement Realized Financial (FMO),Founder / Owner,https://www.linkedin.com/in/chad-c-owen,$338M personal annuity production since 2008; income planning,unknown - qualify,runs agents academy,also FMO owner; Berthoud CO
B,Mark Kuhne,Croix River Wealth Management,Retirement Planner & Founder,https://www.linkedin.com/in/markkuhne,retirement planner founder since 2017,WI and MN,unknown - qualify,St. Croix County WI; verify FIA use
B,Kurt H. Jackson,KJ Financial,Founder & Retirement Lifestyle Strategist,https://www.linkedin.com/in/kurtjackson2,founder since 2010; $1M-$10M+ retirees,unknown - qualify,unknown - qualify,Maryville MO; verify FIA use
B,Brett Nicklaus,Trinity Insurance and Financial Services,Founder / CFP,https://www.linkedin.com/in/brett-nicklaus-1a579345,founder since 1986; retirement income focus,unknown - qualify,unknown - qualify,Dixon IL; verify FIA use
B,Brian Bogue,BluPrint Retirement LLC,Owner & Retirement Planner,https://www.linkedin.com/in/brian-bogue-cpa-mba-5a121256,owner since 2024; risk-based retirement planning,unknown - qualify,unknown - qualify,Greenville SC; verify FIA use
B,Dennis Kelly,Safe Money Investment Group / Coastal Benefits Insurance Group,President,https://www.linkedin.com/in/denniskellysmig,safe money investment group owner,unknown - qualify,unknown - qualify,Absecon NJ; verify FIA use
C,Matt Vaughn,Ethos (captive),Annuity Sales Advisor,https://www.linkedin.com/in/matt-vaughn-5643119,annuity and retirement income focus 20+ yrs,licensed in all US states,unknown - qualify,Birmingham AL; captive employee per live profile 2026-09-13
B,Will Parries,Financial Thirst Consulting Group,Co-Founder,https://www.linkedin.com/in/will-parries-0817131b,FIA and tax free retirement; agent coach,unknown - qualify,unknown - qualify,Dayton OH; also Family First Life agency owner
B,Devon Fleming,Fleming Financial Group,Principal,https://www.linkedin.com/in/devonfleming,managing producer FIA and IUL focus,unknown - qualify,unknown - qualify,Florida and NYC Metro; serves 20+ states
B,Tony Schultz,The Schultz Agency,Retirement / legacy income specialist,https://www.linkedin.com/in/tony-schultz-495101a,20+ yrs insurance; market-risk protection legacy income,unknown - qualify,unknown - qualify,Greater Seattle WA; verify FIA use
C,Thomas D. Clark,Altitude Capital Management,Financial and Retirement Planner,https://www.linkedin.com/in/thomas-d-clark2003,unknown - qualify,unknown - qualify,unknown - qualify,Charlotte NC; holistic planner
C,Dave North,Fidelity Investments (captive),Planning Consultant,https://www.linkedin.com/in/davidtnorth,annuity income planning focus,licensed all 50 states,unknown - qualify,Farmington UT; captive employer
industry,Jin Choi,Prosperity Advantage Marketing LLC,President (annuity wholesaler IMO),https://www.linkedin.com/in/jinchoi23,,,,Prospect KY; F1 role: IMO president
industry,Neil Wilding,Stonewood Financial,Co-founder & Chief Development Officer,https://www.linkedin.com/in/neil-wilding-4592572,,,,advisor trainer and author; F1 role: advisor training
industry,Brady Smith,National Brokerage Associates Inc.,Annuity Marketing & Sales Director,https://www.linkedin.com/in/bradymsmith,,,,Washington DC area; F1 role: annuity marketing director
industry,Isaac Norton,Sammons Financial Group,VP Annuity Marketing,https://www.linkedin.com/in/isaac-norton-ba748014,,,,West Des Moines IA; F1 role: carrier annuity marketing
industry,Carson Porter,REV Agency Syndicate,CEO & Founder (agent coach),https://www.linkedin.com/in/cporter389,,,,annuity sales coach 9+ yrs; F1 role: coach
industry,Gabe Terry,independent wholesaler,Annuity / Asset Management Wholesaler,https://www.linkedin.com/in/gabe-terry-crps-cltc-aif-1b536226,,,,20+ yrs wholesaling annuities; F1 role: wholesaler
industry,Jared Weiss,Alliance Group,Annuity sales and marketing support,https://www.linkedin.com/in/jaredweiss,,,,Des Moines IA; IMO marketing; F1 role: IMO marketing
A,Robert Bruemmer,Royalty Concepts,President,https://www.linkedin.com/in/robert-bruemmer-50b78510,insurance firm specializing in fixed indexed annuities,unknown - qualify,unknown - qualify,Fort Collins CO
C,Caleb Sadler,independent insurance agent (final expense / ACA),Founder,https://www.linkedin.com/in/calebsadler4,independent practice: fixed annuities FIAs MYGAs,unknown - qualify,unknown - qualify,live profile mismatch 2026-09-13; not annuity focused
A,Brent Johnson,Johnson Advisors Inc,Owner / Financial Advisor,https://www.linkedin.com/in/brent-johnson-91144b12,safe money fixed and fixed indexed annuities 13 yrs,unknown - qualify,public speaker seminar pro,Oklahoma City OK
A,Craig Gardner,Cornerstone Asset Protection,Owner,https://www.linkedin.com/in/craig-gardner-7b49306,fixed annuities guaranteed retirement income,unknown - qualify,unknown - qualify,Palm Harbor FL; also Medicare
A,Skip West,West Financial Group,Founder & CEO,https://www.linkedin.com/in/skip-west,retirement planning firm since 2003 in The Villages,unknown - qualify,unknown - qualify,The Villages FL; verify FIA use
A,Ford Stokes,Active Wealth Management,President & Chief Financial Advisor; radio and podcast host,https://www.linkedin.com/in/fordstokes,tax-efficient retirement planning; RSSA,unknown - qualify,hosts financial radio show and podcast,Alpharetta GA; verify FIA use
B,Troy Yeaple,Preserving Your Money,Owner,https://www.linkedin.com/in/troyyeaplesos,independent agency 30 yrs combined retirement planning,unknown - qualify,unknown - qualify,Tomball TX; verify FIA use
B,David Garcia,DTLA Insurance Solutions,Founder & CEO,https://www.linkedin.com/in/david-garcia-75a6a6bb,retirement and tax planning; asset protection since 2017,unknown - qualify,unknown - qualify,Redlands CA; verify FIA use
C,Diana Hernandez,ELEVATE Financial Agency,Founder,https://www.linkedin.com/in/diana-hern%c3%a1ndez-elevate,life insurance and fixed index annuities,unknown - qualify,unknown - qualify,life-heavy; verify location
B,Todd West,Advocate Financial,Owner,https://www.linkedin.com/in/toddawest,retirement income and protection focus (husband-wife owners),unknown - qualify,financial literacy events,verify location and FIA use
B,Tom Lowry,Georgia Wealth Advisors LLC,President; former Operation Retirement radio host,https://www.linkedin.com/in/ranger-tom-lowry-crpc-mrfc-86970517,CRPC MRFC Ed Slott Elite IRA Advisor,unknown - qualify,radio show 2013-2022,Atlanta GA; verify FIA use
B,Brett Johnson,VCA (Retirement Advisor),Retirement Advisor,https://www.linkedin.com/in/brett-johnson-a50543108,retirement guidance and Medicare,unknown - qualify,educational workshops and public events,Fresno CA; verify FIA use
B,Terry Thomason,Replica Wealth Advisors Inc / Mountain Range Insurance Advisors,Founder (RIA + insurance),https://www.linkedin.com/in/terry-thomason-frc-225891b9,retirement income planning 17 yrs; insurance subsidiary,unknown - qualify,unknown - qualify,verify location and FIA use
C,David Lee Cobb,independent practice,Independent Financial Advisor ChFC,https://www.linkedin.com/in/davidleecobb,lifetime retirement income streams,unknown - qualify,unknown - qualify,Belmont MI; verify FIA use
C,Sharri Crawford,Health Wealth & Protect,Owner / Lead Agent,https://www.linkedin.com/in/sharri-crawford-35201678,retirement savings protection; Medicare-heavy,unknown - qualify,unknown - qualify,Rio Rancho NM
industry,Wade Dokken,WealthVest Marketing,Co-Founder (IMO),https://www.linkedin.com/in/wadedokken,,,,F1 role: IMO co-founder
A,James E. Leader,Leader Group Retirement Solutions,CEO and Owner,https://www.linkedin.com/in/jamesleaderjr,self-described expert in Fixed Index Annuities; owner of independent retirement practice,unknown - qualify,unknown - qualify,also CFO Arizona Health & Wellness; verify location (likely AZ)
A,Kirk Devereux,independent practice (Parsippany NJ / Nanuet NY offices),Insurance Agent RICP,https://www.linkedin.com/in/kirk-devereux-ricp%c2%ae-a146831b,specializes in Fixed Index Annuities; RICP,licensed NY NJ PA FL NH NC CT; two offices,unknown - qualify,Parsippany NJ; also Medicare
A,Casey Weade,Howard Bailey Financial,CEO & Founder,https://www.linkedin.com/in/casey-b-weade,retirement planning firm founder; CFP CLU RICP ChFC,unknown - qualify,host of Retire With Purpose podcast; bestselling author,Fort Wayne IN; verify FIA use and practice size (may be >50 staff)
B,Russell Rings,Rings Financial Group,Owner,https://www.linkedin.com/in/russell-rings-47bab210a,sells fixed annuity and fixed indexed annuity products; owner since 1976,unknown - qualify,unknown - qualify,Bismarck ND; also tax accountant
B,Dennis Friday,independent financial services practice,Owner,https://www.linkedin.com/in/dennisfriday,independent rep of top rated carriers; retirement/life/income products,unknown - qualify,unknown - qualify,verify practice name and location
B,Luis Fernandez,independent financial services professional,Independent Financial Services Professional,https://www.linkedin.com/in/luis-fernandez-30270041,lists Fixed Indexed Annuities and retirement planning; Ohio National affiliation,serves MD DC VA,unknown - qualify,Maryland; verify independence (Ohio National)
B,Chris Clayton,Cornerstone Financial LLC,Advisor,https://www.linkedin.com/in/chris-clayton-9160616,safe money positioning (make money safer and stronger); comprehensive planning,unknown - qualify,unknown - qualify,verify location and FIA use
B,Cole Morgan,independent agency,Owner,https://www.linkedin.com/in/cole-morgan-26a59047,retirement income planning and tax free retirement; life/mortgage protection,serves WA OR ID,unknown - qualify,Kennewick WA; life-heavy; verify FIA use
B,Gary R. Polk,independent practice,Financial Professional CLU ChFC CLTC,https://www.linkedin.com/in/gary-r-polk-clu-chfc-cltc-679a9758,specializes in longevity income planning and long-term care; 34 years experience,unknown - qualify,unknown - qualify,Fort Lauderdale FL; verify FIA use
B,Richard DeGennaro,Garden State Insurance Advisors (Family First Life),Managing Partner,https://www.linkedin.com/in/richard-degennaro-0a164316a,FFL partner agency offering IUL and annuities; life-heavy,unknown - qualify,unknown - qualify,Woodbridge NJ; verify annuity focus
C,Brian Boe,Brian J. Boe Insurance Services,Owner/Broker,https://www.linkedin.com/in/brianjboetx,Medicare and retirement brokerage; 30 years,unknown - qualify,unknown - qualify,Texas; Medicare-heavy
C,Zachary Valas,Insurance Pros (Family First Life),Founder & CEO,https://www.linkedin.com/in/zachary-valas-43b5a2207,7-figure life insurance agency; annuity use unknown,unknown - qualify,unknown - qualify,Provo UT; life-heavy
C,John Rueschenberg,CoveragePoint,Agent,https://www.linkedin.com/in/coveragepoint,generalist benefits/retirement products,unknown - qualify,unknown - qualify,verify location and annuity focus
industry,Joel Jenkins,annuity carrier (external wholesaler),Regional Vice President Annuities,https://www.linkedin.com/in/joel-jenkins-a719b774,wholesales RILA / FIA / fixed annuities to advisors,covers Virginia and Maryland,n/a,wholesaler; distribution contact
industry,Jason Zach,American National,Regional Sales Leader (Life & Annuity),https://www.linkedin.com/in/jasonrzach,promotes life and annuity products to captive agents across 8 states,IA NE ND SD MN KS MO TX,n/a,wholesaler; verify current role
industry,Greg Goin,annuity distribution,Wholesaler CFP CIMA CLU CRPC,https://www.linkedin.com/in/greg-goin-cfp-cima-clu-crpc,partners with financial professionals on decumulation/risk management strategies,unknown - qualify,n/a,wholesaler; verify firm
industry,Greg Farley,Transamerica Capital Inc,Senior Regional Vice President Annuities,https://www.linkedin.com/in/gpfarls,annuity wholesaler 35 years; personal pension solutions,MN ND SD WI,n/a,wholesaler; public speaker
industry,Barb Ernst,life/retirement carrier,Head of Virtual Wholesaling,https://www.linkedin.com/in/barb-ernst,leads virtual wholesaling distribution team for life and retirement products,national virtual team,n/a,distribution leader; verify firm
industry,Matthew Pardine,InsuranceWebX,Managing Partner,https://www.linkedin.com/in/matthew-pardine-a4601331,marketing/lead generation for insurance agents and IMOs,n/a,marketing and lead-gen provider to FMO/IMO channel,Garfield NJ; CMO-type contact
industry,Craig Ritter,Ritter Insurance Marketing,Owner/President,https://www.linkedin.com/in/craigritter,IMO recruiting for 30 senior-market carriers; 12000 agents,national,n/a,IMO owner; Medicare-heavy
industry,Thomas Mullen,independent consultant,Annuity Marketing & Distribution Consultant,https://www.linkedin.com/in/tmullen528,three decades in annuity marketing/distribution/product across IMOs and carriers,n/a,n/a,strategy consultant; CMO-type contact
industry,Tim Karaus,Oaktree Brokerage / iGroup,Marketing & Growth Lead LUTCF,https://www.linkedin.com/in/tim-karaus,marketing strategies for insurance/financial producers at brokerage/FMO,n/a,runs client-acquisition marketing for producers,FMO marketing contact
A,Mark Adam Manges,Skybox Asset Management,Founder & President,https://www.linkedin.com/in/mark-adam-manges,Founder; Retirement Income & Insurance Strategies; Indexed Annuity Solutions; former Lincoln consultant,Dallas-Fort Worth TX; unknown - qualify,unknown - qualify,found 2026-09-14 search
C,David Reindel,Reindel Advisory Solutions LLC,Owner & President,https://www.linkedin.com/in/davidreindel,Owner; 30+ yrs; formerly Safe Retirement Advocates; safe-money retirement focus,unknown - qualify,author/media presence per bio; unknown - qualify,found 2026-09-14 search
A,Nelson Secretario,Planning Concepts Insurance and Financial Services / Senior Wealth Advisory LLC,Owner / Advisor / President,https://www.linkedin.com/in/nelsonsecretario1,Owner; Qualified Safe Money Millionaire Advisor; The IRA Professor; 37 yrs,Hawaii; unknown - qualify,radio/media persona (The IRA Professor); unknown - qualify,found 2026-09-14 search
A,David Fortner,Fortner & Associates,Principal,https://www.linkedin.com/in/david-fortner-914074379,Family firm est 1976; principal-protected retirement solutions; fixed/indexed annuities since 2001,unknown - qualify,unknown - qualify,found 2026-09-14 search
B,Chris Platt,Safe Money Retirement Solutions,Business Owner,https://www.linkedin.com/in/chris-platt-16a87a180,Owner; safe money retirement solutions (1-10 employees),unknown - qualify,unknown - qualify,found 2026-09-14 search
B,Zachary J. Sochacki,independent (Chicago area),Financial Services Professional,https://www.linkedin.com/in/zacharyjsochacki,43 yrs in financial services since 1980; annuities per search context,Illinois; unknown - qualify,unknown - qualify,found 2026-09-14 search
B,Daniel Barram,Retirement Prosperity Group,Co-Founder & RICP,https://www.linkedin.com/in/daniel-barram-7bb30722,Co-founder; retirement income specialist and case design expert,King of Prussia PA; unknown - qualify,marketing/advertising background; unknown - qualify,found 2026-09-14 search
B,Christi A. Marcovitz,Retirement Benefits Specialist,Independent Licensed Agent,https://www.linkedin.com/in/christi-a-marcovitz,Independent agent; annuities; IUL; 403b/457b rollovers,licensed CA NV AZ TX OH LA CO,unknown - qualify,found 2026-09-14 search
B,Jamie Alchin,Self-Employed,Licensed Retirement Income Specialist,https://www.linkedin.com/in/jamie-alchin-2a225311,Self-employed retirement income specialist since 2014,Clarkston MI; unknown - qualify,unknown - qualify,found 2026-09-14 search
industry,Jared Baker,Senior Market Sales Inc (IMO),Retirement Planner RICP,https://www.linkedin.com/in/jaredbakerne,RICP retirement planner; sales-driven independent practice per bio,Nebraska; unknown - qualify,unknown - qualify,found 2026-09-14 search
C,Tom Long,Investments & Insurance For You LLC,Retirement Income Specialist,https://www.linkedin.com/in/tom-long-9b168749,Series 6 / life & annuities; retirement income specialist; small practice,Jeromesville OH,unknown - qualify,found 2026-09-14 search; verify active
C,Krista Stephens,Independent Insurance Broker,Licensed Insurance Agent,https://www.linkedin.com/in/krista-stephens-4771606,Independent broker; health/life focus; annuities unclear,CO resident + 13 non-resident states,unknown - qualify,found 2026-09-14 search; likely Medicare-heavy
C,David Allen,Family First Life Shepherds and Servants,Owner,https://www.linkedin.com/in/david-allen-4861551aa,FFL agency owner (FIA among products); life-heavy,Santa Clarita CA,unknown - qualify,found 2026-09-14 search
industry,Marcel Macias,Empire Builders Insurance Agency,CEO / Co-founder (IMO),https://www.linkedin.com/in/marcel-macias-17116413,Independent IMO serving Latino families; IUL/FIA/retirement income,Fort Lauderdale FL; national,unknown - qualify,found 2026-09-14 search; F1
industry,Timothy Luby,annuity distribution,Annuity Distribution Executive,https://www.linkedin.com/in/timluby,25+ yrs fixed/indexed annuity distribution; independent agent markets,Akron OH,unknown - qualify,found 2026-09-14 search; F1
industry,Chad Hilkemeier,Southwest Annuities Marketing LLC,President (FMO),https://www.linkedin.com/in/chad-hilkemeier-1b1b3966,FMO president since 2018,Phoenix AZ,unknown - qualify,found 2026-09-14 search; F1
industry,William Kemp,Dependable Life Solutions,President (IMO),https://www.linkedin.com/in/william-kemp-61373b106,IMO president,unknown - qualify,unknown - qualify,found 2026-09-14 search; F1
industry,Chris Wood,advisor development & distribution,VP Advisor Development & Distribution RICP,https://www.linkedin.com/in/chris-wood-ricp-5b6319193,Helps advisors increase FIA production (+108% YoY FIA premium 2025),unknown - qualify,coaches client acquisition,found 2026-09-14 search; F1
industry,Lisa Marie Ryun,Motiv8 Advisors,Annuity Case Design / Agent Coach,https://www.linkedin.com/in/lisa-marie-ryun-232152295,Annuity case design 10+ yrs; coaches agents prospecting to servicing,unknown - qualify,coaching business,found 2026-09-14 search; F1
A,Stephen Watts,Oak Harvest Financial Group,Co-Founder / CEO,https://www.linkedin.com/in/stephen-watts-95ab818,Co-founder; 16 yrs retirement phase; independent firm,Houston TX with Austin and Dallas offices,co-host The Retirement Rescue Show weekly radio,found 2026-09-14 search pass 2
A,Todd Wooten,Blue Sky Financial Partners,Founder & President,https://www.linkedin.com/in/todd-wooten-31006315,Founder; retirement planning professional,Valparaiso IN; unknown - qualify,unknown - qualify,found 2026-09-14 search pass 2
A,Suzette Porter,CapStar Financial Services LLC,Owner / IAR,https://www.linkedin.com/in/suzette-porter-9ab96046,Owner; 35+ yrs retirement planning,Austin TX; unknown - qualify,host Financial Wi$e Podcast,found 2026-09-14 search pass 2
A,Rick Liuag,Liuag Enterprises Inc / Safe Money Advisors,Founder & President,https://www.linkedin.com/in/rickliuag,Founder; Rick Liuag Insurance Agency + Safe Money Advisors since 2003,Corona CA; unknown - qualify,unknown - qualify,found 2026-09-14 search pass 2
A,Todd Kiry,Hammonton Financial / Safe Money Alternatives,Founder,https://www.linkedin.com/in/todd-kiry-1a94a86,Founder; retirement planning; insurance strategies; safe money,Hammonton NJ; unknown - qualify,unknown - qualify,found 2026-09-14 search pass 2
A,Kevin Hedges,Annuity Pros,Founder (independent annuity consultants),https://www.linkedin.com/in/kevinhedges,Independent annuity consulting firm; highest-rate annuity shopping,Salt Lake City UT; unknown - qualify,unknown - qualify,found 2026-09-14 search pass 2
B,Jeffrey K. Dellinger,Longevity Risk Management Corporation,President,https://www.linkedin.com/in/jeffrey-k-dellinger-147a828,President since 2003; longevity/income risk focus,Fort Wayne IN,unknown - qualify,found 2026-09-14 search pass 2; may be consulting not retail
B,Colleen Fitzgerald,Wealth Beyond Wall Street,Independent Insurance Agent,https://www.linkedin.com/in/colleen-fitzgerald-57327837,Independent agent; guaranteed income strategies,unknown - qualify,unknown - qualify,found 2026-09-14 search pass 2
B,Neil Himmelstein,independent (Long Island NY),Co-Founder,https://www.linkedin.com/in/neil-himmelstein-b1a08029,Co-founder; past president Long Island NAIFA,Long Island NY,unknown - qualify,found 2026-09-14 search pass 2
B,Roger Brooks,independent (Simpsonville SC),Retirement Advisor,https://www.linkedin.com/in/rogercbrooks,annuities per search context,Simpsonville SC,unknown - qualify,found 2026-09-14 search pass 2; verify practice
B,Dianne Loflin,Built For Life Financial Agency,Agency Owner,https://www.linkedin.com/in/dianne-loflin-b24a87394,Agency offers fixed indexed annuities and tax-free retirement strategies,Oakboro NC,unknown - qualify,found 2026-09-14 search pass 2
C,Mark Wright,AIG (captive-era) retirement producer,Financial Advisor MDRT,https://www.linkedin.com/in/markwrightaig,MDRT; top retirement producer; likely captive,unknown - qualify,unknown - qualify,found 2026-09-14 search pass 2; verify independence
C,Tomas Johnson,Family First Life Tri,Retirement Income Planner,https://www.linkedin.com/in/tomas-johnson-4b588aab,FFL agent; tax free retirement income; life-heavy,Norfolk VA,unknown - qualify,found 2026-09-14 search pass 2
C,Barry Goldwater,CPA-firm insurance division,Managing Member,https://www.linkedin.com/in/barrygoldwaterprincipal,Launched insurance division at Top 50 CPA firm,unknown - qualify,unknown - qualify,found 2026-09-14 search pass 2
industry,Jason S. Alicea,New York Life Annuities,Sr. Regional VP (wholesaler),https://www.linkedin.com/in/jason-alicea-a700a6b,Carrier wholesaler KS MO NE OK,Kansas City area,unknown - qualify,found 2026-09-14 search pass 2; F1
industry,Adam Jorgenson,annuity wholesaling,Wholesaler CRPC,https://www.linkedin.com/in/adam-jorgenson-crpc-1b9262a,Wholesaler: VA FIA RILA SPIA,unknown - qualify,unknown - qualify,found 2026-09-14 search pass 2; F1
industry,Marcus Kempton,annuity distribution,Sales / Distribution,https://www.linkedin.com/in/marcus-kempton-0a931aa,Production and distribution support per bio,Overland Park KS,unknown - qualify,found 2026-09-14 search pass 2; F1; verify role
A,Rodger Parker,Parker Financial Group,President & Founder,https://www.linkedin.com/in/rodger-parker-17bba782,Founder; family-owned firm 25+ yrs offering annuities; retirement income strategies; IRA/401k rollovers,Overland Park KS (Kansas City area); unknown - qualify,unknown - qualify,found 2026-09-15 search
A,Bob Courtney,Prism Financial Services,Owner / President,https://www.linkedin.com/in/bob-courtney-b4a48738,Owner since 1982; retirement planning; insurance and annuity sales,East Lansing MI; unknown - qualify,unknown - qualify,found 2026-09-15 search
A,Doug James,Heritage North Life and Annuity,President,https://www.linkedin.com/in/doug-james-64471527,Independent agent since 1988; annuity/life/LTC; represents 200+ carriers,Acme MI; unknown - qualify,unknown - qualify,found 2026-09-15 search
A,Timothy LaDuca,Tax-Free Retiree,Owner,https://www.linkedin.com/in/timothy-laduca-3ba25729,Owner; 14+ yrs retirement planning specializing in equity indexed annuities and life insurance,unknown - qualify,unknown - qualify,found 2026-09-15 search
B,Dan Finn,Finn Financial Group LLC,Structured Settlement and Retirement Income Expert,https://www.linkedin.com/in/finnfinancialgroup,Firm founder; structured settlements plus retirement annuities; tax-advantaged insurance products,serves clients across the United States,unknown - qualify,found 2026-09-15 search
B,Lily Berry,Alliance for Federal Employees,Sr. Retirement Income Specialist,https://www.linkedin.com/in/lilyberry,Retirement income specialist focused on fixed indexed annuities and rollovers for public/private employees,unknown - qualify,unknown - qualify,found 2026-09-15 search; verify independence
B,Anthony Nicoletti,Nicoletti Capital,Founder CRPC,https://www.linkedin.com/in/anthonyrnicoletti,Founder 2022; risk-managed retirement income strategies; annuity evidence unknown - qualify,Doctor Phillips FL; unknown - qualify,unknown - qualify,found 2026-09-15 search
B,Jack Mafara,East West Financial Services / Final Expense Pro,Estate Planner and Life & Annuity Producer,https://www.linkedin.com/in/jack-mafara-6b6261200,30 yrs annuity producer; Annexus Inner Circle annuity producer,Kingman AZ; unknown - qualify,unknown - qualify,found 2026-09-15 search
B,John Soderberg,Summit Wealth Financial / National Life Strategies,Managing Partner,https://www.linkedin.com/in/john-soderberg-8ba19724,Managing partner; Roth conversion authority; retirement planning; annuity evidence unknown - qualify,unknown - qualify,unknown - qualify,found 2026-09-15 search
B,Shanna Reed,Heritage Financial Strategies,Founder AAMS,https://www.linkedin.com/in/shannareed,Founder of independent firm; retirement planning; annuity evidence unknown - qualify,Gilbert AZ; unknown - qualify,unknown - qualify,found 2026-09-15 search
B,Joseph Rinaldo,independent practice (Phoenix),Financial Professional,https://www.linkedin.com/in/joseph-rinaldo-02962210,30+ yrs financial direction to families; annuities per search context,Phoenix AZ; unknown - qualify,educational seminars; Phoenix Business Journal features,found 2026-09-15 search
B,James Kelley,independent agency (IMO partner),Safe Retirement Specialist & Agency Owner,https://www.linkedin.com/in/james-kelley-36ba41324,Agency owner; safe retirement / tax-efficient income; partner in large IMO agency; recruiting agents,unknown - qualify,unknown - qualify,found 2026-09-15 search
C,Christian Roque,independent,Financial Professional,https://www.linkedin.com/in/christianroque,Life insurance living benefits focus; retirement mentioned; annuity evidence unknown - qualify,unknown - qualify,unknown - qualify,found 2026-09-15 search
C,Kathy Salfinger,independent (Tucson),Certified Senior Advisor,https://www.linkedin.com/in/kathy-salfinger-51528222,Medicare; LTC; senior-friendly annuities,Tucson AZ,senior seminars,found 2026-09-15 search
C,Noemi Ortega,Latinos Unidos IMO,Founder,https://www.linkedin.com/in/noemi-ortega-8580108a,Final expense IMO founder since 2008; no annuity evidence,unknown - qualify,unknown - qualify,found 2026-09-15 search
C,Cory Levine,independent,Life Insurance & Financial Strategist,https://www.linkedin.com/in/cory-levine-b9693a60,Life insurance / family protection focus; safe strategies; annuity evidence unknown - qualify,unknown - qualify,unknown - qualify,found 2026-09-15 search
C,Todd Pickering,Pickerings Financial Group,Agency Owner,https://www.linkedin.com/in/todd-pickering-a689b4115,Life-heavy agency; tax-free retirement per search context,Columbus OH; agents in 16 states,unknown - qualify,found 2026-09-15 search
C,David Edge,independent (Arizona),Health & Life Licensed Advisor,https://www.linkedin.com/in/david-edge-7770555,Medicare and retirement seminars since 2012; annuity evidence unknown - qualify,Arizona,Medicare & retirement seminars,found 2026-09-15 search
C,Paul VanThof,Legacy Capital Agents,Company Owner,https://www.linkedin.com/in/paul-vanthof-4b429137,Agency owner; Medicare/life/annuity options; trains agents,unknown - qualify,educational events and workshops,found 2026-09-15 search
C,Jose Cardenas,The C & R Group LLC,Founder & Chief Tax Strategist,https://www.linkedin.com/in/dr-jose-cardenas-dba-6b324a6,Tax strategist for veteran entrepreneurs; tax-free retirement income; annuity evidence unknown - qualify,unknown - qualify,unknown - qualify,found 2026-09-15 search
C,Billy Snyder,B Snyder Insurance,Owner LACP,https://www.linkedin.com/in/billyatbsnyderinsurance,Leveraged tax-free income strategies (premium finance style); no annuity evidence,unknown - qualify,unknown - qualify,found 2026-09-15 search
C,Julie Nelson,Freedom Equity Group,Tax Free Retirement Specialist,https://www.linkedin.com/in/julie-nelson-09305919,FEG IUL-focused agent; no annuity evidence,unknown - qualify,unknown - qualify,found 2026-09-15 search
industry,Alexander Savarese,Annexus Group,VP National Sales Director (FIA / IMO distribution),https://www.linkedin.com/in/alexander-savarese,Leads two national IMO partnerships in FIA distribution,Scottsdale AZ,runs advisor webinars/seminars for 10-250 advisors,found 2026-09-15 search
industry,Tony Morrison,Morrison Financial Group (former IMO),Founder & President (sold 2015),https://www.linkedin.com/in/morrisontony,Built and sold multi-million annuity IMO,Sebring FL,unknown - qualify,found 2026-09-15 search; verify current role
industry,Tony Compton,Advisors Excel,President of Annuity Marketing,https://www.linkedin.com/in/tony-compton-5724b54a,Annuity marketing leader at major IMO,Topeka KS,unknown - qualify,found 2026-09-15 search
industry,Larry Vandervoort,independent recruiter,Financial Advisor Recruiter,https://www.linkedin.com/in/larryvandervoort,Former advisor; recruits financial advisors in the Southwest,Southwest US,unknown - qualify,found 2026-09-15 search
A,Paul Piche,Safe Money Assets,Owner CLU ChFC,https://www.linkedin.com/in/paul-piche-clu-chfc-0876388,Owner; 40+ yrs; retirement planning with guaranteed safe money products,Magnolia TX; unknown - qualify,unknown - qualify,found 2026-09-15 search
A,Charles Wadlington,CWFS Inc,President,https://www.linkedin.com/in/charles-wadlington-6b5a4312,President since 1985; guaranteed fixed indexed annuities with lifetime income benefits; MYGAs; life/LTC/Medicare,unknown - qualify,unknown - qualify,found 2026-09-15 search
A,Joy Nunn,AMT Lifetime Financial LLC,President & CEO,https://www.linkedin.com/in/joy-nunn-708a7a33,Firm president; annuities; lifetime income; IRA/401k rollovers,Austin / Waco / Arlington TX,unknown - qualify,found 2026-09-15 search
A,Roger Ely,Retirement Planners of North Carolina / Predator-Proof Retirement,President & Owner,https://www.linkedin.com/in/rogerhely,Founder; no-loss guarantee annual reset lifetime income (FIA language),North Carolina; unknown - qualify,unknown - qualify,found 2026-09-15 search
A,Belinda Royer,independent FIA practice,Fixed Indexed Annuity Specialist,https://www.linkedin.com/in/belinda-royer-601b3a1b,FIA specialist since 2010; 500+ clients; retirement income and principal protection,unknown - qualify,unknown - qualify,found 2026-09-15 search
A,Teresa Davila,WealthEnsured LLC dba Clarity Annuity,Retirement Income Professional & Certified Annuity Specialist,https://www.linkedin.com/in/teresadavila,Annuity-branded firm; CAS CRPC; secure retirement income,unknown - qualify,unknown - qualify,found 2026-09-15 search
A,Michael Zoellner,independent annuity practice,Annuity Specialist,https://www.linkedin.com/in/michael-zoellner-insurance,FIA and life side of retirement planning; works with advisors/CPAs as partners,unknown - qualify,unknown - qualify,found 2026-09-15 search
A,Matias Leiva,Truckee Financial Group,Founder RFC,https://www.linkedin.com/in/matias-leiva-truckee,Founded 2018; retirement income planning firm for ages 50-75; annuity evidence unknown - qualify,serves pre-retirees across all 50 states (virtual),unknown - qualify,found 2026-09-15 search
A,Brandon Robinson,independent retirement income firm,President & Founder RICP,https://www.linkedin.com/in/brandon-robinson-ricp%C2%AE-537a842b,Founder; ~20 yrs; eliminates market risk and maximizes growth (FIA language); author,unknown - qualify,author and co-producer,found 2026-09-15 search
A,Barry Lastinger,Principal Protection Solutions Inc,Owner,https://www.linkedin.com/in/barry-lastinger-6b056822,Owner of principal-protection branded firm; annuity evidence unknown - qualify,unknown - qualify,unknown - qualify,found 2026-09-15 search
A,Thomas Howell,The Safe Money Store,Partner,https://www.linkedin.com/in/thomas-howell-a5782642,Partner since 1975; wealth preservation and distribution for clients and agents,Austin TX and Tucson AZ,unknown - qualify,found 2026-09-15 search
A,Joe Lucey,Secured Retirement Advisors LLC,President CFP,https://www.linkedin.com/in/joelucey,President since 1994; safe and secure asset protection focus; annuity evidence unknown - qualify,unknown - qualify,radio show host,found 2026-09-15 search
A,Sal Maga,independent retirement practice (West Palm Beach),Licensed Financial Professional,https://www.linkedin.com/in/salmaga,20+ yrs retirement planning; author Retirement Secrets Your Broker Doesn't Want You To Know,West Palm Beach FL,host Retirement Shield Radio on 1290 WNJO,found 2026-09-15 search
A,Casey Marx,Crown Haven Wealth Advisors,Founder & CEO CFF RICP,https://www.linkedin.com/in/casey-a-marx-cff%C2%AE-ricp%C2%AE-b3813148,Founder; full spectrum financial and insurance-backed solutions,unknown - qualify,host RetireSHIELD Radio/Podcast; keynote speaker; author,found 2026-09-15 search
A,Phil Cannella,Crash Proof Retirement,Founder & Creator,https://www.linkedin.com/in/phil-cannella,$1.5B+ in FIA production; $100M+/yr personal production since 2008,Pennsylvania (Crash Proof Retirement); unknown - qualify,heavy radio/TV advertising (Crash Proof Retirement Show),found 2026-09-15 search
A,Tim Davis,independent practice,Certified Financial Fiduciary CLU CEBS RICP,https://www.linkedin.com/in/timdavisclucebs,Protects retirement money from market losses with growth on the upside and no fees (FIA language); lifetime income for couples,unknown - qualify,unknown - qualify,found 2026-09-15 search
A,Rick Rooks,Retirement Made Simple / Heartland Financial Group,Business Owner; National Annuity Sales Director,https://www.linkedin.com/in/rick-rooks-6a9ba129,Owns Retirement Made Simple; national annuity sales director at IMO Heartland Financial Group,unknown - qualify,unknown - qualify,found 2026-09-15 search
B,Derek Campbell,Derek Campbell Agency,CEO,https://www.linkedin.com/in/derekcampbellsr,28 yrs; annuities; IUL; retirement and estate planning; life-heavy agency,unknown - qualify,unknown - qualify,found 2026-09-15 search
B,Kristina Messenger,Messenger Financial Consulting,Founder / Owner Operator,https://www.linkedin.com/in/kristinaanne,Founder since 2011; financial consulting for small businesses and families; annuity evidence unknown - qualify,McKinney TX,unknown - qualify,found 2026-09-15 search
B,Guy Ebinger,The Gray Fox and the Boomer,Partner & Radio Co-host,https://www.linkedin.com/in/guy-ebinger-b4406515,Financial advisor since 1994; licensed insurance agent since 1997; annuity evidence unknown - qualify,Ohio,radio co-host The Gray Fox and the Boomer,found 2026-09-15 search
B,Matt S.,Straight Answer Wealth Group,Founder,https://www.linkedin.com/in/matt-s-8640246,Founder; tax-free retirement income; 401k rescue; insurance solutions,Lehi UT,unknown - qualify,found 2026-09-15 search
B,Mark I. Bailey,independent (Henderson NV),Retirement Income Planning / Wealth Management,https://www.linkedin.com/in/mark-i-bailey-535916a,Retirement income planning focus on outliving savings; annuity evidence unknown - qualify,Henderson NV,unknown - qualify,found 2026-09-15 search
B,Rob Goralnick,independent practice,Retirement Strategist,https://www.linkedin.com/in/rob-goralnick-70a42014,40+ yrs; protect wealth; tax-efficient income; advanced strategies; annuity evidence unknown - qualify,unknown - qualify,unknown - qualify,found 2026-09-15 search
B,Milton E. Brown,Terian Consulting Financial Solutions,Founder MBA,https://www.linkedin.com/in/terianconsulting,Founder; protected tax-efficient income clients cannot outlive; asset protection,unknown - qualify,unknown - qualify,found 2026-09-15 search
B,Jerry Rogers,independent (Charleston SC),Retirement Specialist and 401k Expert,https://www.linkedin.com/in/jerryjrogers,33 yrs retirement success plans so clients do not run out of money; annuity evidence unknown - qualify,Charleston SC,unknown - qualify,found 2026-09-15 search
B,Hollie Gandy,Texas Retirement Solutions,Company Owner,https://www.linkedin.com/in/hollie-gandy-589236179,Owner; retirement planning; investment strategies; Medicare and extended care; annuity evidence unknown - qualify,Texas,unknown - qualify,found 2026-09-15 search
B,Cathie Canary,CanaryCo,Indexed Annuity Life and Medicare Supplement Agent,https://www.linkedin.com/in/cathie-canary-428a3139,Lifetime income specialist; indexed and fixed annuities; Medicare supplements,unknown - qualify,unknown - qualify,found 2026-09-15 search
B,Lynn Hathorn,Independent Insurance Specialist,Retirement Plan Manager & Annuity Specialist,https://www.linkedin.com/in/lynn-hathorn-33544340,Independent since 1995; annuity specialist; pension max; mortgage protection,Michigan,unknown - qualify,found 2026-09-15 search
B,Dale Smothers,RDS Wealth,Founder RICP,https://www.linkedin.com/in/dalesmothers,Founder; holistic retirement income phase advice; annuity evidence unknown - qualify,unknown - qualify,unknown - qualify,found 2026-09-15 search
B,Jeremy Dreesen,Dreesen Insurance Group,Independent Agent RICP,https://www.linkedin.com/in/jeremy-dreesen-ricp%C2%AE-1901541b,Independent agent; retirement income planning for small business owners; benefits-heavy,unknown - qualify,unknown - qualify,found 2026-09-15 search
B,Eric P.,ABB Wealth Strategies,Principal,https://www.linkedin.com/in/eric-p-50904830,Principal; retirement income planning; Roth conversions; principal-protected solutions,unknown - qualify,unknown - qualify,found 2026-09-15 search
B,Randy Rector,independent (Texas),Retirement Planning Professional,https://www.linkedin.com/in/randy-rector-a11b50379,37 yrs retirement planning; protect and grow retirement assets against volatility,Texas; serves clients nationwide,unknown - qualify,found 2026-09-15 search
B,Tiffany Shrewsberry,independent broker (Knoxville),Licensed Broker,https://www.linkedin.com/in/tiffany-shrewsberry-6028611b6,Annuities protecting principal with growth or income for life; Medicare/LTC/life,Knoxville TN; licensed TN PA TX,unknown - qualify,found 2026-09-15 search
B,Jeff Hall,Hall Insurance Group,Owner,https://www.linkedin.com/in/jeff-hall-19129979,Virtual life/health/annuities insurance group,virtual online appointments and e-applications,unknown - qualify,found 2026-09-15 search
B,Gary Whiteleather,GLW Financial Services,Owner,https://www.linkedin.com/in/gary-whiteleather-1b874b16,Owner; retirement income per search context; former engineer,Myrtle Beach SC,unknown - qualify,found 2026-09-15 search
C,Ernest Almanza,independent (Dallas),Insurance & Medicare Consultant,https://www.linkedin.com/in/ernestalmanza,Medicare consulting; retirement income planning; tax incentives for businesses,Dallas TX,unknown - qualify,found 2026-09-15 search
C,Dixie Curless,Simply Southern Health & Retirement,Founder / Broker,https://www.linkedin.com/in/dixie-curless-b524aa33,Health and retirement broker since 2023; Medicare-heavy,Murfreesboro TN,unknown - qualify,found 2026-09-15 search
C,Chris Akers,The Akers Solution,Owner,https://www.linkedin.com/in/chris-akers-b0502438,Disability insurance and coaching; no annuity evidence,Knoxville TN,unknown - qualify,found 2026-09-15 search
C,Bubba Meagher,LMT Retirement,Retirement Specialist & Financial Planner,https://www.linkedin.com/in/meagherfinancialservices,Niche retirement planning for Lockheed Martin employees; annuity evidence unknown - qualify,unknown - qualify,unknown - qualify,found 2026-09-15 search
C,Bill Miller,independent,Life Insurance Professional,https://www.linkedin.com/in/bill-miller-21a58b1b,Former fee-based money manager now life insurance products; annuity evidence unknown - qualify,unknown - qualify,unknown - qualify,found 2026-09-15 search
C,James Zanker,Veterans Financial Inc,Senior & Veteran Advisor,https://www.linkedin.com/in/jameszankervfi,Since 1999 seniors/veterans financial insurance and estate matters; LTC-heavy,unknown - qualify,unknown - qualify,found 2026-09-15 search
C,Norman Lieberman,independent,LTC and Fixed Income Annuity Specialist,https://www.linkedin.com/in/norman-lieberman-4ba05733,Licensed since 1980; LTC specialist; fixed income annuities,unknown - qualify,unknown - qualify,found 2026-09-15 search
C,Des Primus,PrimusMax / Amplify Life,Founder & Principal,https://www.linkedin.com/in/desprimus,High earner retirement income planning; currently life insurance advisor at Amplify Life,Hartford CT area,unknown - qualify,found 2026-09-15 search
C,Scott Burke,independent (Tennessee),Senior Benefits Specialist,https://www.linkedin.com/in/scott-burke-2083bb10,20+ yrs senior benefits; Medicare seminars; MDRT; no annuity evidence,Tennessee,50+ Medicare seminars at hospitals,found 2026-09-15 search
C,David Starnes,Tri-States Financial,Financial Planning and Senior Health Care Advisor,https://www.linkedin.com/in/davidstarnesphotography,Annuities; IUL; final expense; Medicare,Memphis TN,unknown - qualify,found 2026-09-15 search
C,Gerry Blouin,The Blouin Financial Group,Independent Advisor,https://www.linkedin.com/in/gerryblouin,Funeral trusts and Medicaid asset protection focus,Franklin TN,unknown - qualify,found 2026-09-15 search
C,Kim Sams,Sams Senior Solutions,Founder,https://www.linkedin.com/in/kim-sams-a429865,30 yrs; Medicare-first with annuities for retirement security,unknown - qualify,unknown - qualify,found 2026-09-15 search
C,James C. Valenzuela,independent (federal employees),RICP CPFA,https://www.linkedin.com/in/james-c-valenzuela-ricp%C2%AE-cpfa%C2%AE-0571611a,Federal employee retirement guidance; annuity evidence unknown - qualify,unknown - qualify,unknown - qualify,found 2026-09-15 search
C,Jeremy Shipp,independent RIA,CFP Founder,https://www.linkedin.com/in/jeremydshipp,Runs own RIA for retirees; coaches advisors; annuity evidence unknown - qualify,unknown - qualify,unknown - qualify,found 2026-09-15 search
C,Stuart Hutchins,Prudential Financial,Advisor CRC,https://www.linkedin.com/in/stuarthutchinscrc,Captive Prudential; not independent,unknown - qualify,unknown - qualify,found 2026-09-15 search
industry,Scott Heinila,national FMO / annuity carrier leadership,RICP Sales Leader,https://www.linkedin.com/in/scottheinila,Former Director of Sales for national FMO and RVP for annuity carrier,unknown - qualify,unknown - qualify,found 2026-09-15 search
industry,Richard Lee,TransGlobal Holding Co,Director of Fixed Indexed & Fixed Annuities,https://www.linkedin.com/in/richard-lee-mscs-mdrt-aa76b7a3,Built $500M+ FIA division; advisor education leader; MDRT,unknown - qualify,industry speaker,found 2026-09-15 search
